{
  "Length_Loa_m": 118.66451659055961,
  "Breadth_Boa_m": 23.805465800108642,
  "Depth_Doa_m": 8.758040251169502,
  "Lpp_Loa_ratio": 0.9190304225473742,
  "MidshipLength_pct_Lpp": 21.175658938399028,
  "Location_midship_pct_Lpp": 44.36857900518725,
  "Bilge_Radius_m": 1.2445509945347772,
  "Aft_Shoulder_pct": 68.72210484474074,
  "Fwd_Shoulder_pct": 21.841588091283857,
  "Location_bow_intermediate_curve_pct": 50.80577533741015,
  "Bow_Rounding_deg": 42.7710565509697,
  "Parallel_Midship_Combinations": 1,
  "Hull_Thickness_mm": 8.01579160928178,
  "Target_Draft_m": 4.0,
  "Tank1_Width_m": 3.2742933008897546,
  "Tank1_Fill_pct": 50.0,
  "Tank2_Length_pct_Loa": 35.0,
  "Tank2_Center_from_AP_m": 52.107433,
  "Tank2_Fill_pct": 47.7953,
  "Tank3_Width_m": 3.0,
  "Tank3_Fill_pct": 27.5023,
  "Design_Speed_kn": 14.0,
  "Max_Speed_delta_kn": 2.0,
  "Speed_Steps_per_kn": 4,
  "Cstern": -11.828265551954184,
  "Entrance_Angle_Factor_pct_BWL": 30.0,
  "Method_S_wet": 0,
  "Method_IE": 0,
  "Transition_Pieces": [
    {
      "x": 20,
      "y": 0,
      "weight_t": 550.0
    },
    {
      "x": 30,
      "y": 0,
      "weight_t": 550.0
    }
  ],
  "Stern_Bezier_Points": [
    [
      0.0,
      0.5523472473379338
    ],
    [
      0.4275674389606684,
      0.9157450960438618
    ],
    [
      0.4991076818541682,
      0.8058248993284651
    ],
    [
      0.8300692006585285,
      0.8660756227405473
    ],
    [
      0.8232930150627857,
      0.9648972800277941
    ],
    [
      0.9125029498410565,
      1.0
    ]
  ],
  "Bow_Centerline_Points": [
    [
      0.0,
      0.0
    ],
    [
      1.5054881996060043,
      0.006751870794169834
    ],
    [
      2.2322357531828594,
      0.16172009913041085
    ],
    [
      2.9589833067597144,
      0.41821923568694763
    ],
    [
      3.215482443316251,
      0.6479997121855119
    ],
    [
      3.3009821555017638,
      0.8083116725333475
    ],
    [
      3.9849798529858624,
      1.0
    ]
  ],
  "Bow_Intermediate_Points": [
    [
      0.0,
      0.0
    ],
    [
      0.1821743719849992,
      0.41408456100979785
    ],
    [
      0.3682964840623788,
      0.18292031569331202
    ],
    [
      0.4166420331572398,
      0.7099181112737518
    ],
    [
      0.9504420292867873,
      0.3706191001074881
    ],
    [
      0.9667499131078254,
      0.44765275266206583
    ],
    [
      0.9646139705882354,
      1.0
    ]
  ],
  "Tank2_Length_pct_Lpp": 33.26359198085787,
  "Side_Flare_deg": 5.090255241878592,
  "Side_Flare_Rotation_Point": 0.27260250466646696,
  "Crane": {
    "swl_max_t": 595.1,
    "pivot_x_m": 88.88997715158267,
    "pivot_y_m": 8.95400389830571,
    "pivot_height_m": 15.0,
    "boom_length_m": 55.0,
    "jib_angle_deg": 60.0,
    "slewing_angle_deg": 90.0
  },
  "Payload_Control_Fraction": 0.4761097274092959
}